{"RuleTriggered": 0, "Violations": 330, "Details": {"low_gpu_utilization": 924, "bottlenecks": {"1733244560.00197": {"GPUs": 1, "CPUs": 4}, "1733244560.503736": {"GPUs": 1, "CPUs": 4}, "1733244561.001889": {"GPUs": 1, "CPUs": 4}, "1733244561.502104": {"GPUs": 1, "CPUs": 4}, "1733244562.001589": {"GPUs": 1, "CPUs": 4}, "1733244562.501979": {"GPUs": 1, "CPUs": 4}, "1733244563.001179": {"GPUs": 1, "CPUs": 4}, "1733244563.50368": {"GPUs": 1, "CPUs": 4}, "1733244564.001991": {"GPUs": 1, "CPUs": 4}, "1733244564.501134": {"GPUs": 1, "CPUs": 3}, "1733244565.001973": {"GPUs": 1, "CPUs": 2}, "1733244565.501881": {"GPUs": 1, "CPUs": 2}, "1733244566.001138": {"GPUs": 1, "CPUs": 1}, "1733244566.50253": {"GPUs": 1, "CPUs": 3}, "1733244567.00368": {"GPUs": 1, "CPUs": 1}, "1733244567.501966": {"GPUs": 1, "CPUs": 1}, "1733244568.001997": {"GPUs": 1, "CPUs": 3}, "1733244568.501971": {"GPUs": 1, "CPUs": 2}, "1733244569.001914": {"GPUs": 1, "CPUs": 4}, "1733244569.501612": {"GPUs": 1, "CPUs": 2}, "1733244570.001963": {"GPUs": 1, "CPUs": 4}, "1733244570.501944": {"GPUs": 1, "CPUs": 3}, "1733244571.001642": {"GPUs": 1, "CPUs": 2}, "1733244571.501409": {"GPUs": 1, "CPUs": 2}, "1733244573.502013": {"GPUs": 1, "CPUs": 2}, "1733244574.003685": {"GPUs": 1, "CPUs": 3}, "1733244574.501109": {"GPUs": 1, "CPUs": 1}, "1733244576.501963": {"GPUs": 1, "CPUs": 4}, "1733244577.502643": {"GPUs": 1, "CPUs": 1}, "1733244578.501986": {"GPUs": 1, "CPUs": 3}, "1733244581.502082": {"GPUs": 1, "CPUs": 1}, "1733244583.001034": {"GPUs": 1, "CPUs": 1}, "1733244583.501662": {"GPUs": 1, "CPUs": 1}, "1733244585.001998": {"GPUs": 1, "CPUs": 1}, "1733244585.501248": {"GPUs": 1, "CPUs": 1}, "1733244587.001542": {"GPUs": 1, "CPUs": 1}, "1733244591.501467": {"GPUs": 1, "CPUs": 1}, "1733244592.003697": {"GPUs": 1, "CPUs": 1}, "1733244592.501536": {"GPUs": 1, "CPUs": 1}, "1733244596.001981": {"GPUs": 1, "CPUs": 1}, "1733244597.001262": {"GPUs": 1, "CPUs": 1}, "1733244602.001767": {"GPUs": 1, "CPUs": 1}, "1733244602.503119": {"GPUs": 1, "CPUs": 1}, "1733244603.00169": {"GPUs": 1, "CPUs": 1}, "1733244604.0024": {"GPUs": 1, "CPUs": 2}, "1733244604.501225": {"GPUs": 1, "CPUs": 2}, "1733244662.001172": {"GPUs": 1, "CPUs": 1}, "1733244677.001296": {"GPUs": 1, "CPUs": 1}, "1733244686.501716": {"GPUs": 1, "CPUs": 1}, "1733244717.001359": {"GPUs": 1, "CPUs": 1}, "1733244717.501296": {"GPUs": 1, "CPUs": 1}, "1733244722.501646": {"GPUs": 1, "CPUs": 2}, "1733244738.501769": {"GPUs": 1, "CPUs": 1}, "1733244739.501436": {"GPUs": 1, "CPUs": 1}, "1733244809.00105": {"GPUs": 1, "CPUs": 1}, "1733244811.501048": {"GPUs": 1, "CPUs": 1}, "1733244812.001978": {"GPUs": 1, "CPUs": 1}, "1733244812.501065": {"GPUs": 1, "CPUs": 1}, "1733244814.001765": {"GPUs": 1, "CPUs": 1}, "1733244814.50124": {"GPUs": 1, "CPUs": 1}, "1733244815.001662": {"GPUs": 1, "CPUs": 1}, "1733244815.501845": {"GPUs": 1, "CPUs": 1}, "1733244816.002036": {"GPUs": 1, "CPUs": 1}, "1733244816.501527": {"GPUs": 1, "CPUs": 1}, "1733244817.501971": {"GPUs": 1, "CPUs": 1}, "1733244818.001572": {"GPUs": 1, "CPUs": 1}, "1733244818.501952": {"GPUs": 1, "CPUs": 1}, "1733244819.501606": {"GPUs": 1, "CPUs": 1}, "1733244820.001097": {"GPUs": 1, "CPUs": 1}, "1733244820.501414": {"GPUs": 1, "CPUs": 1}, "1733244821.001631": {"GPUs": 1, "CPUs": 1}, "1733244821.501783": {"GPUs": 1, "CPUs": 1}, "1733244822.001172": {"GPUs": 1, "CPUs": 1}, "1733244823.50191": {"GPUs": 1, "CPUs": 1}, "1733244824.001868": {"GPUs": 1, "CPUs": 1}, "1733244830.501984": {"GPUs": 1, "CPUs": 1}, "1733244836.502026": {"GPUs": 1, "CPUs": 1}, "1733244839.501151": {"GPUs": 1, "CPUs": 1}, "1733244840.501549": {"GPUs": 1, "CPUs": 1}, "1733244845.001977": {"GPUs": 1, "CPUs": 1}, "1733244851.001642": {"GPUs": 1, "CPUs": 1}, "1733244854.00171": {"GPUs": 1, "CPUs": 1}, "1733244855.0012": {"GPUs": 1, "CPUs": 1}, "1733244866.501337": {"GPUs": 1, "CPUs": 1}, "1733244869.50113": {"GPUs": 1, "CPUs": 1}, "1733244877.001953": {"GPUs": 1, "CPUs": 1}, "1733244880.001977": {"GPUs": 1, "CPUs": 1}, "1733244889.501667": {"GPUs": 1, "CPUs": 1}, "1733244905.502002": {"GPUs": 1, "CPUs": 1}, "1733244908.50195": {"GPUs": 1, "CPUs": 1}, "1733244909.50172": {"GPUs": 1, "CPUs": 1}, "1733244910.501864": {"GPUs": 1, "CPUs": 1}, "1733244911.501975": {"GPUs": 1, "CPUs": 1}, "1733244912.501759": {"GPUs": 1, "CPUs": 1}, "1733244913.501785": {"GPUs": 1, "CPUs": 1}, "1733244914.501078": {"GPUs": 1, "CPUs": 1}, "1733244915.50202": {"GPUs": 1, "CPUs": 1}, "1733244916.501781": {"GPUs": 1, "CPUs": 1}, "1733244917.501941": {"GPUs": 1, "CPUs": 1}, "1733244920.501242": {"GPUs": 1, "CPUs": 1}, "1733244921.50175": {"GPUs": 1, "CPUs": 1}, "1733244922.50144": {"GPUs": 1, "CPUs": 1}, "1733244923.50203": {"GPUs": 1, "CPUs": 1}, "1733244924.501443": {"GPUs": 1, "CPUs": 1}, "1733244925.501967": {"GPUs": 1, "CPUs": 1}, "1733244927.501177": {"GPUs": 1, "CPUs": 1}, "1733244929.502086": {"GPUs": 1, "CPUs": 1}, "1733244938.002055": {"GPUs": 1, "CPUs": 1}, "1733244939.001459": {"GPUs": 1, "CPUs": 2}, "1733244940.001423": {"GPUs": 1, "CPUs": 1}, "1733244941.001563": {"GPUs": 1, "CPUs": 1}, "1733244942.001472": {"GPUs": 1, "CPUs": 1}, "1733244943.001535": {"GPUs": 1, "CPUs": 1}, "1733244944.001194": {"GPUs": 1, "CPUs": 1}, "1733244947.5017": {"GPUs": 1, "CPUs": 1}, "1733244948.501504": {"GPUs": 1, "CPUs": 1}, "1733244950.501615": {"GPUs": 1, "CPUs": 1}, "1733244952.501604": {"GPUs": 1, "CPUs": 1}, "1733244953.501898": {"GPUs": 1, "CPUs": 1}, "1733244954.501271": {"GPUs": 1, "CPUs": 1}, "1733244955.501156": {"GPUs": 1, "CPUs": 1}, "1733244969.501574": {"GPUs": 1, "CPUs": 1}, "1733244970.001985": {"GPUs": 1, "CPUs": 1}, "1733244972.001851": {"GPUs": 1, "CPUs": 1}, "1733244972.502034": {"GPUs": 1, "CPUs": 1}, "1733244981.001576": {"GPUs": 1, "CPUs": 1}, "1733244982.001478": {"GPUs": 1, "CPUs": 1}, "1733244983.001392": {"GPUs": 1, "CPUs": 1}, "1733244984.001615": {"GPUs": 1, "CPUs": 1}, "1733244985.001968": {"GPUs": 1, "CPUs": 1}, "1733244987.001567": {"GPUs": 1, "CPUs": 1}, "1733244989.001211": {"GPUs": 1, "CPUs": 1}, "1733244990.001665": {"GPUs": 1, "CPUs": 1}, "1733244991.002013": {"GPUs": 1, "CPUs": 1}, "1733244992.001482": {"GPUs": 1, "CPUs": 1}, "1733244993.001698": {"GPUs": 1, "CPUs": 1}, "1733244994.002037": {"GPUs": 1, "CPUs": 1}, "1733244995.001258": {"GPUs": 1, "CPUs": 1}, "1733245002.502008": {"GPUs": 1, "CPUs": 1}, "1733245003.501818": {"GPUs": 1, "CPUs": 1}, "1733245004.501243": {"GPUs": 1, "CPUs": 1}, "1733245005.501822": {"GPUs": 1, "CPUs": 2}, "1733245006.502064": {"GPUs": 1, "CPUs": 1}, "1733245007.501975": {"GPUs": 1, "CPUs": 1}, "1733245008.501955": {"GPUs": 1, "CPUs": 1}, "1733245012.001631": {"GPUs": 1, "CPUs": 1}, "1733245013.00183": {"GPUs": 1, "CPUs": 1}, "1733245014.00131": {"GPUs": 1, "CPUs": 1}, "1733245015.001786": {"GPUs": 1, "CPUs": 1}, "1733245016.002024": {"GPUs": 1, "CPUs": 1}, "1733245017.001426": {"GPUs": 1, "CPUs": 1}, "1733245018.001838": {"GPUs": 1, "CPUs": 1}, "1733245019.001953": {"GPUs": 1, "CPUs": 1}, "1733245020.002026": {"GPUs": 1, "CPUs": 1}, "1733245021.00179": {"GPUs": 1, "CPUs": 2}, "1733245022.001084": {"GPUs": 1, "CPUs": 1}, "1733245030.501266": {"GPUs": 1, "CPUs": 1}, "1733245032.501743": {"GPUs": 1, "CPUs": 1}, "1733245033.501849": {"GPUs": 1, "CPUs": 1}, "1733245034.501613": {"GPUs": 1, "CPUs": 1}, "1733245035.501187": {"GPUs": 1, "CPUs": 1}, "1733245036.502081": {"GPUs": 1, "CPUs": 1}, "1733245037.501463": {"GPUs": 1, "CPUs": 1}, "1733245038.50186": {"GPUs": 1, "CPUs": 1}, "1733245039.501193": {"GPUs": 1, "CPUs": 1}, "1733245040.501317": {"GPUs": 1, "CPUs": 1}, "1733245042.501296": {"GPUs": 1, "CPUs": 1}, "1733245045.001235": {"GPUs": 1, "CPUs": 1}, "1733245046.501862": {"GPUs": 1, "CPUs": 1}, "1733245048.501376": {"GPUs": 1, "CPUs": 1}, "1733245049.501357": {"GPUs": 1, "CPUs": 1}, "1733245050.501889": {"GPUs": 1, "CPUs": 1}, "1733245051.501791": {"GPUs": 1, "CPUs": 1}, "1733245052.50149": {"GPUs": 1, "CPUs": 1}, "1733245053.501778": {"GPUs": 1, "CPUs": 1}, "1733245055.501743": {"GPUs": 1, "CPUs": 1},