{"RuleTriggered": 0, "Violations": 0, "Details": {"pin_memory": false, "num_workers": 0, "cores": 4, "dataloaders": 1, "dataloading_time": {"p25": 0.64584175, "p50": 0.6619885000000001, "p95": 0.7631154499999999, "probs": [1, 1, 0, 0, 0, 0, 0, 0, 0, 0, 0, 0, 0, 0, 1, 0, 0, 1, 0, 0, 0, 0, 1, 0, 0, 1, 0, 0, 0, 0, 0, 0, 0, 0, 1, 0, 0, 0, 0, 0, 0, 0, 0, 0, 0, 0, 0, 0, 0, 0, 0, 1, 0, 1, 0, 0, 0, 0, 0, 0, 0, 0, 0, 0, 0, 0, 0, 0, 0, 0, 0, 0, 0, 0, 0, 0, 0, 0, 0, 0, 0, 0, 0, 0, 0, 0, 0, 0, 0, 0, 0, 0, 0, 0, 0, 0, 0, 0, 0, 1], "binedges": [0.618176, 0.6200059099999999, 0.6218358199999999, 0.6236657299999999, 0.6254956399999999, 0.6273255499999999, 0.62915546, 0.63098537, 0.63281528, 0.63464519, 0.6364751, 0.63830501, 0.6401349199999999, 0.6419648299999999, 0.6437947399999999, 0.6456246499999999, 0.6474545599999999, 0.64928447, 0.65111438, 0.65294429, 0.6547742, 0.65660411, 0.65843402, 0.6602639299999999, 0.6620938399999999, 0.6639237499999999, 0.6657536599999999, 0.6675835699999999, 0.66941348, 0.67124339, 0.6730733, 0.67490321, 0.67673312, 0.67856303, 0.68039294, 0.6822228499999999, 0.6840527599999999, 0.6858826699999999, 0.6877125799999999, 0.68954249, 0.6913724, 0.69320231, 0.69503222, 0.69686213, 0.69869204, 0.70052195, 0.7023518599999999, 0.7041817699999999, 0.7060116799999999, 0.7078415899999999, 0.7096715, 0.71150141, 0.71333132, 0.71516123, 0.71699114, 0.71882105, 0.72065096, 0.7224808699999999, 0.7243107799999999, 0.7261406899999999, 0.7279705999999999, 0.72980051, 0.73163042, 0.73346033, 0.73529024, 0.73712015, 0.73895006, 0.74077997, 0.7426098799999999, 0.7444397899999999, 0.7462696999999999, 0.7480996099999999, 0.74992952, 0.7517594299999999, 0.75358934, 0.75541925, 0.75724916, 0.75907907, 0.76090898, 0.76273889, 0.7645687999999999, 0.7663987099999999, 0.7682286199999999, 0.77005853, 0.7718884399999999, 0.77371835, 0.77554826, 0.77737817, 0.77920808, 0.78103799, 0.7828679, 0.7846978099999999, 0.7865277199999999, 0.7883576299999999, 0.79018754, 0.7920174499999999, 0.79384736, 0.79567727, 0.79750718, 0.79933709, 0.801167]}}, "Datapoints": 10, "RuleParameters": "min_threshold:70\nmax_threshold:200"}