{"RuleTriggered": 0, "Violations": 10, "Details": {"low_gpu_utilization": 924, "bottlenecks": {"1733244572.00136": {"GPUs": 1, "CPUs": 1}, "1733244614.50176": {"GPUs": 1, "CPUs": 1}, "1733244798.502018": {"GPUs": 1, "CPUs": 1}, "1733244801.001895": {"GPUs": 1, "CPUs": 1}, "1733244804.001304": {"GPUs": 1, "CPUs": 1}, "1733244804.501946": {"GPUs": 1, "CPUs": 1}, "1733244805.00163": {"GPUs": 1, "CPUs": 1}, "1733244807.502009": {"GPUs": 1, "CPUs": 1}, "1733244808.501546": {"GPUs": 1, "CPUs": 1}, "1733244809.00105": {"GPUs": 1, "CPUs": 1}}}, "Datapoints": 1525, "RuleParameters": "threshold:50\nio_threshold:50\ngpu_threshold:10\npatience:1000"}