{"RuleTriggered": 0, "Violations": 0, "Details": {"step_num": {"first": 1733244822531451, "last": 1733245319925087}, "job_start": 1733244559.001064, "job_end": 1733245319.502375}, "Datapoints": 507, "RuleParameters": "threshold:20"}