{"RuleTriggered": 0, "Violations": 0, "Details": {"step_details": {"algo-1-53": {"step_stats": {"mean": 0.028525744966442956, "max": 1.984511, "p99": 0.055843180000000006, "p95": 0.027417899999999995, "p50": 0.022969, "min": 0.020667}, "number_of_outliers": 1, "phase": "Step:ModeKeys.TRAIN", "stddev": 0.09, "probs": [3, 67, 168, 105, 59, 14, 3, 5, 1, 3, 5, 1, 1, 0, 1, 0, 0, 0, 0, 0, 0, 0, 0, 0, 0, 0, 0, 0, 0, 0, 0, 0, 0, 0, 0, 0, 0, 0, 0, 1, 3, 1, 0, 1, 1, 1, 0, 0, 0, 0, 0, 0, 0, 0, 0, 0, 0, 0, 0, 0, 0, 0, 0, 0, 0, 0, 0, 0, 0, 0, 0, 0, 0, 0, 0, 1, 0, 0, 0, 0, 0, 0, 0, 0, 0, 0, 0, 0, 0, 0, 0, 0, 0, 0, 0, 0, 0, 0, 0, 1], "binedges": [0.020667, 0.02146735, 0.0222677, 0.02306805, 0.0238684, 0.02466875, 0.0254691, 0.02626945, 0.0270698, 0.02787015, 0.0286705, 0.02947085, 0.030271199999999998, 0.03107155, 0.0318719, 0.03267225, 0.0334726, 0.034272949999999996, 0.0350733, 0.03587365, 0.036674, 0.037474350000000003, 0.038274699999999995, 0.03907505, 0.0398754, 0.04067575, 0.0414761, 0.04227645, 0.0430768, 0.043877150000000004, 0.044677499999999995, 0.04547785, 0.0462782, 0.04707855, 0.0478789, 0.04867924999999999, 0.0494796, 0.05027995, 0.051080299999999995, 0.05188065, 0.05268099999999999, 0.05348135, 0.0542817, 0.055082049999999994, 0.0558824, 0.056682750000000004, 0.057483099999999995, 0.05828345, 0.05908379999999999, 0.05988415, 0.0606845, 0.061484849999999994, 0.0622852, 0.06308554999999999, 0.0638859, 0.06468625, 0.06548659999999999, 0.06628695, 0.0670873, 0.06788765, 0.068688, 0.06948834999999999, 0.0702887, 0.07108905, 0.07188939999999999, 0.07268975, 0.07349009999999999, 0.07429045, 0.0750908, 0.07589114999999999, 0.0766915, 0.07749185, 0.07829219999999999, 0.07909255, 0.07989289999999999, 0.08069325, 0.0814936, 0.08229394999999999, 0.0830943, 0.08389465, 0.08469499999999999, 0.08549535, 0.0862957, 0.08709605, 0.0878964, 0.08869674999999999, 0.0894971, 0.09029745, 0.09109779999999999, 0.09189815, 0.0926985, 0.09349885, 0.0942992, 0.09509954999999999, 0.0958999, 0.09670025, 0.09750059999999999, 0.09830095, 0.09910129999999999, 0.09990165, 0.100702], "step_numbers": ["0"]}}}, "Datapoints": 507, "RuleParameters": "threshold:3\nmode:None\nn_outliers:10\nstddev:3"}